{
  "config": {
    "input_dim": 128,
    "hidden_dim": 384,
    "num_layers": 5,
    "num_classes": 2,
    "dropout": 0.15,
    "learning_rate": 0.0003,
    "weight_decay": 0.0003,
    "batch_size": 32,
    "num_epochs": 100,
    "patience": 15,
    "train_split": 0.7,
    "val_split": 0.15,
    "test_split": 0.15,
    "device": "cuda",
    "model_save_path": "./model/checkpoints/",
    "log_dir": "./model/logs/"
  },
  "training_history": {
    "train_losses": [
      0.6832407274587237,
      0.477725963902503,
      0.4611151265908293,
      0.4471944512144107,
      0.4396127172063924,
      0.4343352255901555,
      0.4298290900143773,
      0.42665460761197593,
      0.42458439329134723,
      0.4225192748475242,
      0.4194728957628504,
      0.4176118971395709,
      0.4176184889599034,
      0.4150573148762899,
      0.41388210080142057,
      0.4122035255445435,
      0.41100043288165256,
      0.40976060077443305,
      0.4086308508199717,
      0.4084129372489211,
      0.40682780151280457,
      0.4064182063218925,
      0.40577186955775835,
      0.4008940974509928,
      0.398940452013,
      0.3988764684288499,
      0.3985564803389687,
      0.3968641013861836,
      0.39761074955500864,
      0.39677595848286135,
      0.39293799825619447,
      0.3926275391539743,
      0.3908508007328783,
      0.39187426171479217,
      0.3915474485604415,
      0.3909498194602956,
      0.3905622702570876,
      0.3900782862765181,
      0.38982963175776575,
      0.3899710078151229,
      0.3886671543010457,
      0.3872294493909708,
      0.38800513393847397,
      0.385814742011539,
      0.38552622806932274,
      0.38576275386215,
      0.38528957900157296,
      0.3859354323496154,
      0.3859579996685195,
      0.3857797261430686,
      0.38498149602779824,
      0.38532068965700156,
      0.3847552154701374,
      0.38436652356531564,
      0.3835778840813276,
      0.38368073793273666,
      0.38409069656044453,
      0.3839313525239906,
      0.38266257949730936,
      0.3839733560514529,
      0.38312477056351313,
      0.3827507403048172,
      0.3841024413550871,
      0.3821523786391932,
      0.38234106818103947,
      0.38176905147272383,
      0.3814008413340839,
      0.3824522104476197,
      0.3812306343695998,
      0.3811074715783745,
      0.38196835848308386,
      0.38167425688878226
    ],
    "val_losses": [
      0.48700899718354435,
      0.4664820061138829,
      0.4453426109113675,
      0.44125520324546247,
      0.42845907284804624,
      0.4246505545972629,
      0.4286342339306668,
      0.41507261351239017,
      0.43350100922102186,
      0.4131129386624849,
      0.4124049583094658,
      0.4084241243513563,
      0.4114750831285653,
      0.432551135676904,
      0.4504875151408201,
      0.40380285223784473,
      0.405030452590687,
      0.4080408288449451,
      0.4318373593751176,
      0.41946992473335853,
      0.40691280735365915,
      0.40948445891139595,
      0.40416215308484316,
      0.3961197331633871,
      0.4059156266997545,
      0.39607595148458646,
      0.3992299791820247,
      0.3946299953152908,
      0.3980811023241293,
      0.39388581280648594,
      0.38990093213515015,
      0.39012733457864823,
      0.39235300511868243,
      0.38772805339454,
      0.3919979690184713,
      0.3873770743149094,
      0.38799166702351356,
      0.3873531378819993,
      0.39054607856939755,
      0.38639474385965306,
      0.3919511040626004,
      0.389276370520996,
      0.3874315681485082,
      0.3886032658620147,
      0.38809178232687286,
      0.38864119744254905,
      0.38742058226024023,
      0.3846114525618121,
      0.38454800061809763,
      0.38981538712404135,
      0.4028770106203983,
      0.39358694905949926,
      0.3929040441451045,
      0.38369930275717684,
      0.3854416049801545,
      0.38669279967084785,
      0.3841999805099932,
      0.3855368724677834,
      0.384601897500843,
      0.3842125094867166,
      0.3825405719106827,
      0.38314477200682684,
      0.3816788328061444,
      0.38436629613125717,
      0.38302298788849787,
      0.3834951113701326,
      0.3828077446633451,
      0.3820645990054731,
      0.384091606776379,
      0.38289227019385336,
      0.38682257991305663,
      0.39085979713755076
    ],
    "train_accuracies": [
      0.7497544585164125,
      0.7793486689066942,
      0.7886146291031274,
      0.7954122512277074,
      0.7999353838201085,
      0.8028043422072887,
      0.8054923752907728,
      0.8052209873352287,
      0.8065650038769708,
      0.8078573274747997,
      0.8094468855001292,
      0.8111656758852417,
      0.8100413543551305,
      0.8110105970535022,
      0.8115921426725252,
      0.8117084517963298,
      0.8123675368312225,
      0.8126906177306797,
      0.8126647712587232,
      0.8136210907211165,
      0.8143318686999225,
      0.8135435513052468,
      0.8147841819591626,
      0.815921426725252,
      0.8178340656500388,
      0.816903592659602,
      0.8175626776944948,
      0.8171362109072111,
      0.8178340656500388,
      0.8178211424140605,
      0.8190488498319979,
      0.8187774618764538,
      0.8204187128456966,
      0.8200956319462394,
      0.8203153269578702,
      0.8203670199017834,
      0.8198759369346085,
      0.8205608684414577,
      0.8201085551822176,
      0.8204445593176531,
      0.8216851899715689,
      0.8214654949599379,
      0.8213491858361334,
      0.8215171879038511,
      0.822318428534505,
      0.8226156629620057,
      0.8217239596795037,
      0.8223442750064616,
      0.8216981132075472,
      0.8211682605324373,
      0.8226156629620057,
      0.8221762729387438,
      0.8224605841302662,
      0.8221504264667873,
      0.8223830447143965,
      0.8223442750064616,
      0.8220599638149393,
      0.8219695011630912,
      0.822899974153528,
      0.8226544326699405,
      0.8219695011630912,
      0.8227965882657017,
      0.8226544326699405,
      0.822538123546136,
      0.8224864306022228,
      0.8229387438614629,
      0.8231455156371156,
      0.823210131817007,
      0.8224476608942879,
      0.8227965882657017,
      0.8223571982424399,
      0.8232359782889636
    ],