{
  "config": {
    "input_dim": 128,
    "hidden_dim": 384,
    "num_layers": 5,
    "num_classes": 2,
    "dropout": 0.15,
    "learning_rate": 0.0003,
    "weight_decay": 0.0003,
    "batch_size": 32,
    "num_epochs": 100,
    "patience": 15,
    "train_split": 0.7,
    "val_split": 0.15,
    "test_split": 0.15,
    "device": "cuda",
    "model_save_path": "./model/checkpoints/",
    "log_dir": "./model/logs/"
  },
  "training_history": {
    "train_losses": [
      0.6439703772412001,
      0.47832464345751247,
      0.46269070333984086,
      0.44764018289162727,
      0.44039443020684604,
      0.43360131130133744,
      0.42863113398318353,
      0.4250659384772816,
      0.42253325578963374,
      0.42104239148288386,
      0.41971486993519025,
      0.418146903410634,
      0.4163039260693649,
      0.4145358406829657,
      0.4140240601477617,
      0.4117406435363201,
      0.4099919656772858,
      0.4099844373938169,
      0.40882585465341326,
      0.4094236538879829,
      0.4085649912418438,
      0.4068698971268558,
      0.4060038954216668,
      0.406820577578931,
      0.40541221215587947,
      0.4048050792688375,
      0.4047255798736945,
      0.4031089321610454,
      0.4039592139296613,
      0.40510238556144357,
      0.4041880319721199,
      0.4024950366416417,
      0.40228445962866066,
      0.40153122782928974,
      0.4029138229168265,
      0.40146786011462865,
      0.40115286386446697,
      0.40053929226513785,
      0.40101287374754196,
      0.40110759175898075,
      0.40073523319004095,
      0.4010701860805936,
      0.4003008473518221,
      0.3999918843286498,
      0.39955867264526057,
      0.40060176153649174,
      0.4000955735013326,
      0.39965230207420566,
      0.3999092036125925,
      0.40001235047294464,
      0.3997810337909641
    ],
    "val_losses": [
      0.4767382138611494,
      0.4683179598954831,
      0.4606737143329573,
      0.47686414635939406,
      0.45306207983250335,
      0.42563922509464913,
      0.41184969186093767,
      0.4331221910111018,
      0.42138349989820306,
      0.44268051610976056,
      0.4066354131365557,
      0.40935508545078986,
      0.41528133344558393,
      0.4008129649366717,
      0.4473467840883084,
      0.4052684032905538,
      0.3989806081920231,
      0.3980904547551464,
      0.3981233306932541,
      0.3954019376825046,
      0.39834981197796343,
      0.3943287201211402,
      0.39282170276880723,
      0.3899967007784026,
      0.38979728339035385,
      0.3972069839435506,
      0.39096087728391954,
      0.40118325283474543,
      0.3969238287049681,
      0.3919188680848634,
      0.3925253378518055,
      0.39008137120045216,
      0.3935819851209433,
      0.39229891579849413,
      0.38789184391498566,
      0.3867381947089941,
      0.39010858176875435,
      0.38834585454709725,
      0.39127574230836765,
      0.39436964155219656,
      0.387299741609363,
      0.39005522045211755,
      0.38976223555775735,
      0.39431498950501626,
      0.3893723097093303,
      0.38649394635922185,
      0.3878755430926018,
      0.3892754632441295,
      0.38884367815331916,
      0.39724402570368467,
      0.3907587577325071
    ],
    "train_accuracies": [
      0.7519384853967434,
      0.778444042388214,
      0.7882010855518222,
      0.796420263634014,
      0.7999612302920651,
      0.8045748255363143,
      0.8060093047299044,
      0.807288705091755,
      0.8082967174980615,
      0.8087102610493667,
      0.8100284311191522,
      0.8105453605582837,
      0.8117730679762213,
      0.8129490824502456,
      0.8125096924269837,
      0.8134401654174205,
      0.8139312483845955,
      0.8133367795295942,
      0.8138278624967692,
      0.8145515637115534,
      0.8141121736882916,
      0.8145644869475317,
      0.8147454122512277,
      0.8145515637115534,
      0.8158180408374257,
      0.8155595761178599,
      0.8156371155337296,
      0.8162962005686224,
      0.8146161798914449,
      0.8149909537348152,
      0.8148617213750323,
      0.8154561902300336,
      0.815921426725252,
      0.8170069785474283,
      0.8163866632204704,
      0.8156758852416646,
      0.8166063582321014,
      0.8178211424140605,
      0.8162445076247092,
      0.8164642026363401,
      0.816502972344275,
      0.8168518997156888,
      0.8163737399844921,
      0.8158955802532954,
      0.817575600930473,
      0.8154691134660119,
      0.8170715947273197,
      0.8169811320754717,
      0.8172525200310158,
      0.8171103644352545,
      0.8168777461876454
    ],
    "val_accuracies": [
      0.7827030939026597,
      0.786743863458175,
      0.7790844943007056,
      0.7815572040287075,
      0.7909052530004221,
      0.8125565406187806,
      0.8053796514082383,
      0.7953681925094989,
      0.8122549906519511,
      0.7876485133586635,
      0.8209396296966407,
      0.815933900247271,
      0.8079729811229721,
      0.8197937398226887,
      0.8052590314215066,
      0.815873590253905,
      0.8203968397563476,
      0.8217236596103974,
      0.819009709908932,
      0.8220252095772269,
      0.8182859899885411,
      0.8206380797298112,
      0.8222061395573247,
      0.8229298594777155,
      0.8227489294976178,
      0.8216633496170316,
      0.8230504794644472,
      0.8162354502141005,
      0.8182256799951751,
      0.8210602496833725,
      0.8196731198359568,
      0.821422109643568,
      0.8185272299620047,
      0.8217236596103974,
      0.820758699716543,
      0.8249200892587902,
      0.8217839696037633,
      0.8205174597430794,
      0.8214824196369338,
      0.8192509498823956,
      0.8234123394246426,
      0.820819009709909,
      0.8220855195705928,
      0.8178035100416139,
      0.8209999396900066,
      0.8232917194379109,
      0.8241360593450334,
      0.8211808696701043,
      0.8231710994511791,
      0.8199746698027863,
      0.8192509498823956
    ]
  },
  "test_metrics": {
    "accuracy": 0.817995416716922,
    "precision": 0.8363808096651916,
    "recall": 0.817995416716922,
    "f1_score": 0.812957799422042,
    "confusion_matrix": [
      [
        8524,
        465
      ],
      [
        2553,
        5040
      ]
    ]
  }
}